approval_id,employee_id,payroll_id,approval_type,approval_status,submitted_date,approved_by
A000001,E0001,P000003,Overtime,Rejected,2025-08-15,
A000002,E0001,P000008,Overtime,Approved,2025-10-31,M002
A000003,E0001,P000009,Overtime,Pending,2025-11-15,
A000004,E0001,P000010,Overtime,Rejected,2025-11-30,
A000005,E0002,P000016,Overtime,Pending,2025-08-31,
A000006,E0002,P000017,Overtime,Pending,2025-09-15,
A000007,E0002,P000019,Overtime,Pending,2025-10-15,
A000008,E0002,P000020,Overtime,Approved,2025-10-31,M009
A000009,E0002,P000022,Overtime,Approved,2025-11-30,M009
A000010,E0002,P000023,Overtime,Rejected,2025-12-15,
A000011,E0003,P000025,Overtime,Approved,2025-07-15,M023
A000012,E0003,P000026,Overtime,Approved,2025-07-31,M001
A000013,E0003,P000027,Overtime,Rejected,2025-08-15,
A000014,E0003,P000035,Overtime,Approved,2025-12-15,M019
A000015,E0003,P000036,Overtime,Pending,2025-12-31,
A000016,E0004,P000038,Overtime,Approved,2025-07-31,M023
A000017,E0004,P000045,Overtime,Approved,2025-11-15,M008
A000018,E0004,P000046,Overtime,Pending,2025-11-30,
A000019,E0004,P000047,Overtime,Pending,2025-12-15,
A000020,E0004,P000048,Overtime,Approved,2025-12-31,M003
A000021,E0005,P000050,Overtime,Approved,2025-07-31,M015
A000022,E0005,P000051,Overtime,Pending,2025-08-15,
A000023,E0005,P000052,Overtime,Approved,2025-08-31,M012
A000024,E0005,P000055,Overtime,Pending,2025-10-15,
A000025,E0005,P000057,Overtime,Approved,2025-11-15,M018
A000026,E0006,P000066,Overtime,Approved,2025-09-30,M011
A000027,E0006,P000067,Overtime,Pending,2025-10-15,
A000028,E0006,P000068,Overtime,Approved,2025-10-31,M006
A000029,E0007,P000075,Overtime,Approved,2025-08-15,M012
A000030,E0007,P000077,Overtime,Approved,2025-09-15,M012
A000031,E0007,P000078,Overtime,Pending,2025-09-30,
A000032,E0007,P000083,Overtime,Approved,2025-12-15,M022
A000033,E0007,P000084,Overtime,Pending,2025-12-31,
A000034,E0009,P000097,Overtime,Approved,2025-07-15,M018
A000035,E0009,P000099,Overtime,Approved,2025-08-15,M014
A000036,E0009,P000103,Overtime,Approved,2025-10-15,M009
A000037,E0009,P000104,Overtime,Pending,2025-10-31,
A000038,E0009,P000105,Overtime,Approved,2025-11-15,M012
A000039,E0009,P000107,Overtime,Approved,2025-12-15,M015
A000040,E0009,P000108,Overtime,Pending,2025-12-31,
A000041,E0010,P000115,Overtime,Pending,2025-10-15,
A000042,E0010,P000116,Overtime,Approved,2025-10-31,M002
A000043,E0011,P000129,Overtime,Approved,2025-11-15,M021
A000044,E0011,P000131,Overtime,Approved,2025-12-15,M011
A000045,E0013,P000147,Overtime,Approved,2025-08-15,M024
A000046,E0013,P000153,Overtime,Approved,2025-11-15,M019
A000047,E0013,P000156,Overtime,Approved,2025-12-31,M007
A000048,E0014,P000158,Overtime,Pending,2025-07-31,
A000049,E0014,P000159,Overtime,Approved,2025-08-15,M014
A000050,E0014,P000161,Overtime,Pending,2025-09-15,
A000051,E0014,P000163,Overtime,Rejected,2025-10-15,
A000052,E0014,P000164,Overtime,Approved,2025-10-31,M017
A000053,E0014,P000165,Overtime,Approved,2025-11-15,M001
A000054,E0014,P000167,Overtime,Approved,2025-12-15,M018
A000055,E0014,P000168,Overtime,Pending,2025-12-31,
A000056,E0015,P000173,Overtime,Approved,2025-09-15,M008
A000057,E0015,P000174,Overtime,Pending,2025-09-30,
A000058,E0015,P000175,Overtime,Pending,2025-10-15,
A000059,E0016,P000181,Overtime,Approved,2025-07-15,M011
A000060,E0016,P000184,Overtime,Pending,2025-08-31,
A000061,E0016,P000185,Overtime,Pending,2025-09-15,
A000062,E0016,P000186,Overtime,Approved,2025-09-30,M013
A000063,E0017,P000195,Overtime,Approved,2025-08-15,M013
A000064,E0017,P000198,Overtime,Approved,2025-09-30,M012
A000065,E0017,P000202,Overtime,Pending,2025-11-30,
A000066,E0018,P000208,Overtime,Pending,2025-08-31,
A000067,E0018,P000212,Overtime,Rejected,2025-10-31,
A000068,E0018,P000216,Overtime,Approved,2025-12-31,M021
A000069,E0020,P000233,Overtime,Approved,2025-09-15,M023
A000070,E0021,P000241,Overtime,Pending,2025-07-15,
A000071,E0021,P000244,Overtime,Approved,2025-08-31,M001
A000072,E0021,P000249,Overtime,Pending,2025-11-15,
A000073,E0021,P000250,Overtime,Rejected,2025-11-30,
A000074,E0022,P000253,Overtime,Pending,2025-07-15,
A000075,E0022,P000256,Overtime,Approved,2025-08-31,M003
A000076,E0022,P000259,Overtime,Pending,2025-10-15,
A000077,E0022,P000262,Overtime,Approved,2025-11-30,M025
A000078,E0024,P000281,Overtime,Approved,2025-09-15,M007
A000079,E0025,P000292,Overtime,Approved,2025-08-31,M004
A000080,E0025,P000295,Overtime,Rejected,2025-10-15,
A000081,E0025,P000298,Overtime,Approved,2025-11-30,M001
A000082,E0026,P000308,Overtime,Approved,2025-10-31,M004
A000083,E0026,P000309,Overtime,Approved,2025-11-15,M025
A000084,E0026,P000311,Overtime,Pending,2025-12-15,
A000085,E0026,P000312,Overtime,Approved,2025-12-31,M015
A000086,E0029,P000341,Overtime,Rejected,2025-09-15,
A000087,E0029,P000344,Overtime,Approved,2025-10-31,M012
A000088,E0032,P000379,Overtime,Pending,2025-10-15,
A000089,E0032,P000381,Overtime,Approved,2025-11-15,M020
A000090,E0032,P000383,Overtime,Approved,2025-12-15,M013
A000091,E0032,P000384,Overtime,Approved,2025-12-31,M010
A000092,E0033,P000387,Overtime,Approved,2025-08-15,M019
A000093,E0033,P000394,Overtime,Rejected,2025-11-30,
A000094,E0036,P000429,Overtime,Approved,2025-11-15,M019
A000095,E0037,P000439,Overtime,Approved,2025-10-15,M016
A000096,E0039,P000461,Overtime,Rejected,2025-09-15,
A000097,E0039,P000462,Overtime,Approved,2025-09-30,M012
A000098,E0040,P000472,Overtime,Approved,2025-08-31,M023
A000099,E0040,P000473,Overtime,Approved,2025-09-15,M013
A000100,E0041,P000481,Overtime,Pending,2025-07-15,
A000101,E0041,P000482,Overtime,Pending,2025-07-31,
A000102,E0041,P000485,Overtime,Approved,2025-09-15,M019
A000103,E0041,P000489,Overtime,Approved,2025-11-15,M012
A000104,E0041,P000491,Overtime,Rejected,2025-12-15,
A000105,E0042,P000496,Overtime,Pending,2025-08-31,
A000106,E0042,P000497,Overtime,Rejected,2025-09-15,
A000107,E0042,P000500,Overtime,Approved,2025-10-31,M016
A000108,E0042,P000502,Overtime,Pending,2025-11-30,
A000109,E0042,P000503,Overtime,Approved,2025-12-15,M009
A000110,E0042,P000504,Overtime,Approved,2025-12-31,M003
A000111,E0044,P000518,Overtime,Approved,2025-07-31,M023
A000112,E0044,P000523,Overtime,Approved,2025-10-15,M004
A000113,E0044,P000525,Overtime,Approved,2025-11-15,M024
A000114,E0046,P000550,Overtime,Approved,2025-11-30,M020
A000115,E0047,P000557,Overtime,Rejected,2025-09-15,
A000116,E0047,P000558,Overtime,Approved,2025-09-30,M010
A000117,E0047,P000559,Overtime,Approved,2025-10-15,M023
A000118,E0047,P000560,Overtime,Pending,2025-10-31,
A000119,E0047,P000561,Overtime,Approved,2025-11-15,M014
A000120,E0049,P000577,Overtime,Approved,2025-07-15,M022
A000121,E0049,P000581,Overtime,Approved,2025-09-15,M022
A000122,E0049,P000585,Overtime,Pending,2025-11-15,
A000123,E0049,P000586,Overtime,Rejected,2025-11-30,
A000124,E0050,P000591,Overtime,Approved,2025-08-15,M017
A000125,E0050,P000596,Overtime,Approved,2025-10-31,M009
A000126,E0050,P000600,Overtime,Pending,2025-12-31,
A000127,E0051,P000604,Overtime,Approved,2025-08-31,M018
A000128,E0051,P000606,Overtime,Pending,2025-09-30,
A000129,E0052,P000616,Overtime,Approved,2025-08-31,M019
A000130,E0054,P000637,Overtime,Approved,2025-07-15,M017
A000131,E0054,P000639,Overtime,Approved,2025-08-15,M015
A000132,E0054,P000640,Overtime,Approved,2025-08-31,M006
A000133,E0054,P000646,Overtime,Approved,2025-11-30,M020
A000134,E0055,P000653,Overtime,Approved,2025-09-15,M004
A000135,E0055,P000656,Overtime,Pending,2025-10-31,
A000136,E0055,P000657,Overtime,Rejected,2025-11-15,
A000137,E0055,P000660,Overtime,Approved,2025-12-31,M016
A000138,E0056,P000667,Overtime,Approved,2025-10-15,M001
A000139,E0057,P000678,Overtime,Approved,2025-09-30,M024
A000140,E0058,P000690,Overtime,Pending,2025-09-30,
A000141,E0058,P000691,Overtime,Rejected,2025-10-15,
A000142,E0058,P000694,Overtime,Pending,2025-11-30,
A000143,E0059,P000697,Overtime,Approved,2025-07-15,M006
A000144,E0060,P000713,Overtime,Approved,2025-09-15,M022
A000145,E0060,P000717,Overtime,Approved,2025-11-15,M016
A000146,E0062,P000736,Overtime,Approved,2025-08-31,M015
A000147,E0062,P000737,Overtime,Pending,2025-09-15,
A000148,E0062,P000738,Overtime,Rejected,2025-09-30,
A000149,E0062,P000740,Overtime,Approved,2025-10-31,M006
A000150,E0062,P000742,Overtime,Approved,2025-11-30,M024
A000151,E0063,P000749,Overtime,Rejected,2025-09-15,
A000152,E0063,P000751,Overtime,Approved,2025-10-15,M001
A000153,E0063,P000752,Overtime,Approved,2025-10-31,M012
A000154,E0063,P000754,Overtime,Pending,2025-11-30,
A000155,E0063,P000756,Overtime,Approved,2025-12-31,M023
A000156,E0064,P000758,Overtime,Approved,2025-07-31,M023
A000157,E0064,P000762,Overtime,Approved,2025-09-30,M018
A000158,E0064,P000764,Overtime,Approved,2025-10-31,M016
A000159,E0064,P000768,Overtime,Approved,2025-12-31,M014
A000160,E0065,P000773,Overtime,Approved,2025-09-15,M014
A000161,E0065,P000775,Overtime,Approved,2025-10-15,M003
A000162,E0065,P000776,Overtime,Approved,2025-10-31,M022
A000163,E0067,P000795,Overtime,Approved,2025-08-15,M013
A000164,E0067,P000796,Overtime,Approved,2025-08-31,M008
A000165,E0067,P000797,Overtime,Rejected,2025-09-15,
A000166,E0067,P000798,Overtime,Pending,2025-09-30,
A000167,E0067,P000800,Overtime,Approved,2025-10-31,M006
A000168,E0069,P000817,Overtime,Approved,2025-07-15,M006
A000169,E0069,P000819,Overtime,Pending,2025-08-15,
A000170,E0069,P000821,Overtime,Approved,2025-09-15,M018
A000171,E0069,P000823,Overtime,Approved,2025-10-15,M009
A000172,E0069,P000826,Overtime,Approved,2025-11-30,M022
A000173,E0069,P000827,Overtime,Approved,2025-12-15,M014
A000174,E0071,P000844,Overtime,Approved,2025-08-31,M002
A000175,E0071,P000846,Overtime,Approved,2025-09-30,M005
A000176,E0071,P000848,Overtime,Approved,2025-10-31,M024
A000177,E0071,P000852,Overtime,Pending,2025-12-31,
A000178,E0072,P000853,Overtime,Approved,2025-07-15,M002
A000179,E0072,P000857,Overtime,Approved,2025-09-15,M001
A000180,E0072,P000863,Overtime,Approved,2025-12-15,M022
A000181,E0073,P000867,Overtime,Approved,2025-08-15,M017
A000182,E0073,P000868,Overtime,Approved,2025-08-31,M005
A000183,E0073,P000876,Overtime,Approved,2025-12-31,M008
A000184,E0074,P000877,Overtime,Pending,2025-07-15,
A000185,E0074,P000879,Overtime,Pending,2025-08-15,
A000186,E0074,P000880,Overtime,Approved,2025-08-31,M016
A000187,E0075,P000890,Overtime,Approved,2025-07-31,M007
A000188,E0075,P000895,Overtime,Approved,2025-10-15,M013
A000189,E0075,P000899,Overtime,Approved,2025-12-15,M021
A000190,E0077,P000917,Overtime,Approved,2025-09-15,M003
A000191,E0077,P000918,Overtime,Approved,2025-09-30,M005
A000192,E0077,P000922,Overtime,Pending,2025-11-30,
A000193,E0078,P000933,Overtime,Approved,2025-11-15,M025
A000194,E0079,P000941,Overtime,Approved,2025-09-15,M017
A000195,E0079,P000944,Overtime,Rejected,2025-10-31,
A000196,E0079,P000945,Overtime,Approved,2025-11-15,M006
A000197,E0079,P000947,Overtime,Approved,2025-12-15,M025
A000198,E0080,P000950,Overtime,Approved,2025-07-31,M021
A000199,E0080,P000951,Overtime,Approved,2025-08-15,M008
A000200,E0080,P000953,Overtime,Pending,2025-09-15,
A000201,E0080,P000954,Overtime,Approved,2025-09-30,M025
A000202,E0080,P000958,Overtime,Approved,2025-11-30,M011
A000203,E0081,P000961,Overtime,Pending,2025-07-15,
A000204,E0081,P000962,Overtime,Approved,2025-07-31,M022
A000205,E0081,P000964,Overtime,Pending,2025-08-31,
A000206,E0081,P000965,Overtime,Approved,2025-09-15,M015
A000207,E0081,P000966,Overtime,Approved,2025-09-30,M008
A000208,E0081,P000968,Overtime,Pending,2025-10-31,
A000209,E0081,P000970,Overtime,Approved,2025-11-30,M020
A000210,E0082,P000978,Overtime,Rejected,2025-09-30,
A000211,E0082,P000982,Overtime,Approved,2025-11-30,M014
A000212,E0083,P000985,Overtime,Approved,2025-07-15,M025
A000213,E0083,P000986,Overtime,Approved,2025-07-31,M008
A000214,E0083,P000990,Overtime,Approved,2025-09-30,M010
A000215,E0083,P000993,Overtime,Approved,2025-11-15,M003
A000216,E0083,P000994,Overtime,Approved,2025-11-30,M001
A000217,E0084,P000997,Overtime,Approved,2025-07-15,M018
A000218,E0084,P001004,Overtime,Approved,2025-10-31,M025
A000219,E0085,P001009,Overtime,Approved,2025-07-15,M021
A000220,E0085,P001011,Overtime,Approved,2025-08-15,M009
A000221,E0085,P001013,Overtime,Approved,2025-09-15,M015
A000222,E0085,P001014,Overtime,Pending,2025-09-30,
A000223,E0085,P001016,Overtime,Rejected,2025-10-31,
A000224,E0086,P001022,Overtime,Approved,2025-07-31,M018
A000225,E0087,P001037,Overtime,Approved,2025-09-15,M010
A000226,E0087,P001039,Overtime,Pending,2025-10-15,
A000227,E0087,P001042,Overtime,Approved,2025-11-30,M016
A000228,E0089,P001057,Overtime,Approved,2025-07-15,M023
A000229,E0089,P001062,Overtime,Approved,2025-09-30,M018
A000230,E0089,P001068,Overtime,Rejected,2025-12-31,
A000231,E0090,P001070,Overtime,Approved,2025-07-31,M022
A000232,E0090,P001072,Overtime,Pending,2025-08-31,
A000233,E0090,P001073,Overtime,Approved,2025-09-15,M011
A000234,E0090,P001075,Overtime,Approved,2025-10-15,M016
A000235,E0090,P001080,Overtime,Rejected,2025-12-31,
A000236,E0091,P001090,Overtime,Approved,2025-11-30,M020
A000237,E0092,P001093,Overtime,Approved,2025-07-15,M009
A000238,E0092,P001095,Overtime,Approved,2025-08-15,M009
A000239,E0092,P001097,Overtime,Pending,2025-09-15,
A000240,E0092,P001104,Overtime,Approved,2025-12-31,M008
A000241,E0093,P001111,Overtime,Approved,2025-10-15,M011
A000242,E0093,P001113,Overtime,Rejected,2025-11-15,
A000243,E0093,P001115,Overtime,Approved,2025-12-15,M012
A000244,E0093,P001116,Overtime,Rejected,2025-12-31,
A000245,E0094,P001118,Overtime,Approved,2025-07-31,M011
A000246,E0094,P001120,Overtime,Approved,2025-08-31,M014
A000247,E0094,P001121,Overtime,Approved,2025-09-15,M020
A000248,E0094,P001124,Overtime,Approved,2025-10-31,M022
A000249,E0094,P001125,Overtime,Approved,2025-11-15,M020
A000250,E0095,P001131,Overtime,Pending,2025-08-15,
A000251,E0096,P001141,Overtime,Approved,2025-07-15,M025
A000252,E0096,P001142,Overtime,Pending,2025-07-31,
A000253,E0096,P001143,Overtime,Approved,2025-08-15,M022
A000254,E0096,P001147,Overtime,Approved,2025-10-15,M018
A000255,E0096,P001152,Overtime,Approved,2025-12-31,M007
A000256,E0097,P001161,Overtime,Pending,2025-11-15,
A000257,E0097,P001163,Overtime,Approved,2025-12-15,M006
A000258,E0098,P001169,Overtime,Approved,2025-09-15,M024
A000259,E0098,P001172,Overtime,Pending,2025-10-31,
A000260,E0098,P001174,Overtime,Approved,2025-11-30,M007
A000261,E0099,P001179,Overtime,Approved,2025-08-15,M021
A000262,E0099,P001180,Overtime,Pending,2025-08-31,
A000263,E0099,P001185,Overtime,Approved,2025-11-15,M021
A000264,E0100,P001190,Overtime,Pending,2025-07-31,
A000265,E0100,P001191,Overtime,Approved,2025-08-15,M013
A000266,E0100,P001196,Overtime,Approved,2025-10-31,M009
A000267,E0101,P001201,Overtime,Rejected,2025-07-15,
A000268,E0101,P001204,Overtime,Approved,2025-08-31,M011
A000269,E0101,P001207,Overtime,Approved,2025-10-15,M020
A000270,E0101,P001208,Overtime,Approved,2025-10-31,M004
A000271,E0101,P001211,Overtime,Rejected,2025-12-15,
A000272,E0102,P001216,Overtime,Pending,2025-08-31,
A000273,E0103,P001225,Overtime,Rejected,2025-07-15,
A000274,E0103,P001227,Overtime,Approved,2025-08-15,M007
A000275,E0103,P001230,Overtime,Pending,2025-09-30,
A000276,E0103,P001236,Overtime,Approved,2025-12-31,M016
A000277,E0105,P001254,Overtime,Approved,2025-09-30,M018
A000278,E0107,P001274,Overtime,Approved,2025-07-31,M009
A000279,E0107,P001275,Overtime,Approved,2025-08-15,M014
A000280,E0107,P001277,Overtime,Approved,2025-09-15,M002
A000281,E0107,P001280,Overtime,Rejected,2025-10-31,
A000282,E0107,P001282,Overtime,Approved,2025-11-30,M016
A000283,E0108,P001287,Overtime,Approved,2025-08-15,M016
A000284,E0108,P001295,Overtime,Approved,2025-12-15,M011
A000285,E0110,P001311,Overtime,Approved,2025-08-15,M006
A000286,E0110,P001313,Overtime,Approved,2025-09-15,M025
A000287,E0110,P001314,Overtime,Pending,2025-09-30,
A000288,E0110,P001315,Overtime,Approved,2025-10-15,M003
A000289,E0111,P001324,Overtime,Approved,2025-08-31,M018
A000290,E0111,P001326,Overtime,Approved,2025-09-30,M005
A000291,E0111,P001328,Overtime,Pending,2025-10-31,
A000292,E0111,P001330,Overtime,Rejected,2025-11-30,
A000293,E0112,P001336,Overtime,Pending,2025-08-31,
A000294,E0112,P001338,Overtime,Approved,2025-09-30,M022
A000295,E0112,P001340,Overtime,Approved,2025-10-31,M001
A000296,E0113,P001354,Overtime,Approved,2025-11-30,M020
A000297,E0114,P001362,Overtime,Pending,2025-09-30,
A000298,E0115,P001378,Overtime,Approved,2025-11-30,M008
A000299,E0115,P001379,Overtime,Approved,2025-12-15,M020
A000300,E0115,P001380,Overtime,Approved,2025-12-31,M025
A000301,E0117,P001393,Overtime,Approved,2025-07-15,M018
A000302,E0117,P001395,Overtime,Approved,2025-08-15,M008
A000303,E0117,P001397,Overtime,Approved,2025-09-15,M018
A000304,E0117,P001398,Overtime,Approved,2025-09-30,M025
A000305,E0117,P001399,Overtime,Approved,2025-10-15,M013
A000306,E0117,P001402,Overtime,Approved,2025-11-30,M020
A000307,E0118,P001407,Overtime,Approved,2025-08-15,M006
A000308,E0118,P001409,Overtime,Approved,2025-09-15,M024
A000309,E0118,P001411,Overtime,Approved,2025-10-15,M009
A000310,E0118,P001412,Overtime,Pending,2025-10-31,
A000311,E0118,P001413,Overtime,Approved,2025-11-15,M008
A000312,E0118,P001415,Overtime,Pending,2025-12-15,
A000313,E0119,P001417,Overtime,Approved,2025-07-15,M015
A000314,E0119,P001423,Overtime,Approved,2025-10-15,M006
A000315,E0119,P001426,Overtime,Rejected,2025-11-30,
A000316,E0119,P001427,Overtime,Approved,2025-12-15,M001
A000317,E0120,P001432,Overtime,Approved,2025-08-31,M010
A000318,E0120,P001435,Overtime,Approved,2025-10-15,M020
A000319,E0120,P001436,Overtime,Pending,2025-10-31,
A000320,E0120,P001440,Overtime,Approved,2025-12-31,M008
A000321,E0121,P001444,Overtime,Approved,2025-08-31,M003
A000322,E0121,P001448,Overtime,Approved,2025-10-31,M015
A000323,E0121,P001451,Overtime,Approved,2025-12-15,M024
A000324,E0123,P001467,Overtime,Pending,2025-08-15,
A000325,E0125,P001491,Overtime,Pending,2025-08-15,
A000326,E0126,P001503,Overtime,Pending,2025-08-15,
A000327,E0126,P001507,Overtime,Approved,2025-10-15,M025
A000328,E0126,P001510,Overtime,Approved,2025-11-30,M022
A000329,E0126,P001512,Overtime,Approved,2025-12-31,M017
A000330,E0127,P001515,Overtime,Approved,2025-08-15,M001
A000331,E0127,P001517,Overtime,Approved,2025-09-15,M020
A000332,E0127,P001518,Overtime,Approved,2025-09-30,M015
A000333,E0128,P001525,Overtime,Approved,2025-07-15,M012
A000334,E0128,P001527,Overtime,Approved,2025-08-15,M003
A000335,E0128,P001529,Overtime,Approved,2025-09-15,M023
A000336,E0128,P001532,Overtime,Pending,2025-10-31,
A000337,E0128,P001533,Overtime,Approved,2025-11-15,M013
A000338,E0130,P001549,Overtime,Approved,2025-07-15,M011
A000339,E0130,P001552,Overtime,Approved,2025-08-31,M009
A000340,E0130,P001555,Overtime,Approved,2025-10-15,M010
A000341,E0130,P001557,Overtime,Pending,2025-11-15,
A000342,E0130,P001558,Overtime,Approved,2025-11-30,M016
A000343,E0130,P001560,Overtime,Rejected,2025-12-31,
A000344,E0133,P001586,Overtime,Pending,2025-07-31,
A000345,E0133,P001591,Overtime,Approved,2025-10-15,M021
A000346,E0133,P001594,Overtime,Pending,2025-11-30,
A000347,E0134,P001598,Overtime,Approved,2025-07-31,M001
A000348,E0134,P001599,Overtime,Approved,2025-08-15,M012
A000349,E0134,P001600,Overtime,Approved,2025-08-31,M001
A000350,E0134,P001601,Overtime,Approved,2025-09-15,M024
A000351,E0134,P001603,Overtime,Approved,2025-10-15,M014
A000352,E0134,P001605,Overtime,Approved,2025-11-15,M009
A000353,E0135,P001612,Overtime,Approved,2025-08-31,M009
A000354,E0135,P001615,Overtime,Approved,2025-10-15,M009
A000355,E0135,P001620,Overtime,Approved,2025-12-31,M006
A000356,E0136,P001627,Overtime,Approved,2025-10-15,M019
A000357,E0137,P001634,Overtime,Approved,2025-07-31,M020
A000358,E0137,P001635,Overtime,Approved,2025-08-15,M007
A000359,E0137,P001636,Overtime,Pending,2025-08-31,
A000360,E0137,P001637,Overtime,Rejected,2025-09-15,
A000361,E0137,P001638,Overtime,Approved,2025-09-30,M025
A000362,E0137,P001642,Overtime,Approved,2025-11-30,M023
A000363,E0137,P001643,Overtime,Rejected,2025-12-15,
A000364,E0139,P001657,Overtime,Approved,2025-07-15,M023
A000365,E0139,P001660,Overtime,Approved,2025-08-31,M009
A000366,E0139,P001664,Overtime,Approved,2025-10-31,M009
A000367,E0139,P001667,Overtime,Approved,2025-12-15,M010
A000368,E0140,P001669,Overtime,Approved,2025-07-15,M014
A000369,E0140,P001671,Overtime,Approved,2025-08-15,M006
A000370,E0140,P001674,Overtime,Approved,2025-09-30,M010
A000371,E0140,P001676,Overtime,Approved,2025-10-31,M003
A000372,E0141,P001681,Overtime,Approved,2025-07-15,M003
A000373,E0141,P001683,Overtime,Approved,2025-08-15,M019
A000374,E0141,P001684,Overtime,Pending,2025-08-31,
A000375,E0141,P001687,Overtime,Pending,2025-10-15,
A000376,E0141,P001688,Overtime,Rejected,2025-10-31,
A000377,E0141,P001690,Overtime,Rejected,2025-11-30,
A000378,E0141,P001691,Overtime,Approved,2025-12-15,M018
A000379,E0142,P001694,Overtime,Approved,2025-07-31,M014
A000380,E0142,P001698,Overtime,Pending,2025-09-30,
A000381,E0142,P001700,Overtime,Approved,2025-10-31,M007
A000382,E0142,P001701,Overtime,Approved,2025-11-15,M003
A000383,E0144,P001726,Overtime,Approved,2025-11-30,M004
A000384,E0144,P001728,Overtime,Approved,2025-12-31,M006
A000385,E0145,P001731,Overtime,Approved,2025-08-15,M025
A000386,E0145,P001738,Overtime,Approved,2025-11-30,M025
A000387,E0145,P001739,Overtime,Approved,2025-12-15,M006
A000388,E0145,P001740,Overtime,Approved,2025-12-31,M006
A000389,E0146,P001751,Overtime,Approved,2025-12-15,M001
A000390,E0147,P001757,Overtime,Approved,2025-09-15,M006
A000391,E0147,P001761,Overtime,Pending,2025-11-15,
A000392,E0147,P001762,Overtime,Approved,2025-11-30,M001
A000393,E0148,P001772,Overtime,Approved,2025-10-31,M002
A000394,E0150,P001792,Overtime,Approved,2025-08-31,M006
A000395,E0150,P001795,Overtime,Approved,2025-10-15,M005
A000396,E0151,P001801,Overtime,Pending,2025-07-15,
A000397,E0151,P001803,Overtime,Approved,2025-08-15,M020
A000398,E0151,P001810,Overtime,Pending,2025-11-30,
A000399,E0151,P001811,Overtime,Approved,2025-12-15,M009
A000400,E0152,P001813,Overtime,Approved,2025-07-15,M015
A000401,E0152,P001815,Overtime,Approved,2025-08-15,M004
A000402,E0153,P001828,Overtime,Pending,2025-08-31,
A000403,E0154,P001838,Overtime,Approved,2025-07-31,M020
A000404,E0154,P001841,Overtime,Pending,2025-09-15,
A000405,E0154,P001843,Overtime,Approved,2025-10-15,M013
A000406,E0154,P001844,Overtime,Approved,2025-10-31,M010
A000407,E0154,P001847,Overtime,Approved,2025-12-15,M016
A000408,E0155,P001855,Overtime,Pending,2025-10-15,
A000409,E0155,P001856,Overtime,Approved,2025-10-31,M018
A000410,E0155,P001857,Overtime,Pending,2025-11-15,
A000411,E0155,P001859,Overtime,Pending,2025-12-15,
A000412,E0156,P001864,Overtime,Approved,2025-08-31,M021
A000413,E0156,P001865,Overtime,Rejected,2025-09-15,
A000414,E0156,P001866,Overtime,Approved,2025-09-30,M020
A000415,E0156,P001869,Overtime,Approved,2025-11-15,M024
A000416,E0156,P001871,Overtime,Approved,2025-12-15,M009
A000417,E0157,P001875,Overtime,Approved,2025-08-15,M014
A000418,E0157,P001877,Overtime,Approved,2025-09-15,M016
A000419,E0157,P001878,Overtime,Approved,2025-09-30,M002
A000420,E0157,P001881,Overtime,Approved,2025-11-15,M020
A000421,E0158,P001891,Overtime,Rejected,2025-10-15,
A000422,E0158,P001896,Overtime,Pending,2025-12-31,
A000423,E0159,P001905,Overtime,Approved,2025-11-15,M014
A000424,E0159,P001906,Overtime,Approved,2025-11-30,M010
A000425,E0160,P001909,Overtime,Approved,2025-07-15,M011
A000426,E0160,P001910,Overtime,Approved,2025-07-31,M025
A000427,E0160,P001914,Overtime,Approved,2025-09-30,M014
A000428,E0160,P001915,Overtime,Pending,2025-10-15,
A000429,E0160,P001919,Overtime,Pending,2025-12-15,
A000430,E0161,P001923,Overtime,Approved,2025-08-15,M019
A000431,E0161,P001928,Overtime,Pending,2025-10-31,
A000432,E0161,P001929,Overtime,Pending,2025-11-15,
A000433,E0161,P001931,Overtime,Approved,2025-12-15,M010
A000434,E0162,P001935,Overtime,Approved,2025-08-15,M005
A000435,E0163,P001945,Overtime,Approved,2025-07-15,M008
A000436,E0163,P001947,Overtime,Rejected,2025-08-15,
A000437,E0163,P001955,Overtime,Approved,2025-12-15,M013
A000438,E0165,P001977,Overtime,Approved,2025-11-15,M015
A000439,E0166,P001983,Overtime,Approved,2025-08-15,M007
A000440,E0166,P001984,Overtime,Approved,2025-08-31,M014
A000441,E0166,P001990,Overtime,Rejected,2025-11-30,
A000442,E0168,P002008,Overtime,Approved,2025-08-31,M005
A000443,E0168,P002010,Overtime,Pending,2025-09-30,
A000444,E0168,P002013,Overtime,Rejected,2025-11-15,
A000445,E0168,P002016,Overtime,Approved,2025-12-31,M002
A000446,E0169,P002019,Overtime,Approved,2025-08-15,M013
A000447,E0169,P002023,Overtime,Pending,2025-10-15,
A000448,E0169,P002026,Overtime,Pending,2025-11-30,
A000449,E0170,P002029,Overtime,Approved,2025-07-15,M010
A000450,E0170,P002034,Overtime,Approved,2025-09-30,M017
A000451,E0170,P002039,Overtime,Approved,2025-12-15,M002
A000452,E0171,P002044,Overtime,Rejected,2025-08-31,
A000453,E0171,P002046,Overtime,Pending,2025-09-30,
A000454,E0172,P002055,Overtime,Approved,2025-08-15,M012
A000455,E0173,P002071,Overtime,Approved,2025-10-15,M010
A000456,E0173,P002072,Overtime,Rejected,2025-10-31,
A000457,E0174,P002078,Overtime,Approved,2025-07-31,M004
A000458,E0174,P002080,Overtime,Approved,2025-08-31,M023
A000459,E0174,P002082,Overtime,Approved,2025-09-30,M002
A000460,E0175,P002089,Overtime,Approved,2025-07-15,M007
A000461,E0175,P002091,Overtime,Approved,2025-08-15,M012
A000462,E0176,P002101,Overtime,Approved,2025-07-15,M013
A000463,E0176,P002103,Overtime,Approved,2025-08-15,M020
A000464,E0176,P002104,Overtime,Approved,2025-08-31,M020
A000465,E0176,P002105,Overtime,Approved,2025-09-15,M012
A000466,E0176,P002109,Overtime,Approved,2025-11-15,M017
A000467,E0177,P002118,Overtime,Approved,2025-09-30,M015
A000468,E0177,P002122,Overtime,Pending,2025-11-30,
A000469,E0178,P002127,Overtime,Approved,2025-08-15,M017
A000470,E0179,P002137,Overtime,Approved,2025-07-15,M025
A000471,E0179,P002141,Overtime,Approved,2025-09-15,M024
A000472,E0179,P002146,Overtime,Approved,2025-11-30,M003
A000473,E0179,P002148,Overtime,Rejected,2025-12-31,
A000474,E0181,P002161,Overtime,Approved,2025-07-15,M013
A000475,E0182,P002174,Overtime,Approved,2025-07-31,M023
A000476,E0182,P002177,Overtime,Approved,2025-09-15,M024
A000477,E0182,P002179,Overtime,Approved,2025-10-15,M005
A000478,E0182,P002183,Overtime,Approved,2025-12-15,M007
A000479,E0182,P002184,Overtime,Approved,2025-12-31,M013
A000480,E0183,P002185,Overtime,Approved,2025-07-15,M008
A000481,E0183,P002196,Overtime,Approved,2025-12-31,M010
A000482,E0184,P002199,Overtime,Approved,2025-08-15,M005
A000483,E0184,P002200,Overtime,Approved,2025-08-31,M019
A000484,E0184,P002202,Overtime,Approved,2025-09-30,M005
A000485,E0184,P002205,Overtime,Approved,2025-11-15,M019
A000486,E0184,P002207,Overtime,Approved,2025-12-15,M007
A000487,E0185,P002210,Overtime,Approved,2025-07-31,M003
A000488,E0186,P002223,Overtime,Approved,2025-08-15,M002
A000489,E0186,P002225,Overtime,Approved,2025-09-15,M016
A000490,E0186,P002226,Overtime,Pending,2025-09-30,
A000491,E0186,P002227,Overtime,Approved,2025-10-15,M006
A000492,E0186,P002230,Overtime,Rejected,2025-11-30,
A000493,E0186,P002232,Overtime,Approved,2025-12-31,M003
A000494,E0187,P002236,Overtime,Pending,2025-08-31,
A000495,E0188,P002245,Overtime,Pending,2025-07-15,
A000496,E0188,P002255,Overtime,Approved,2025-12-15,M024
A000497,E0189,P002258,Overtime,Rejected,2025-07-31,
A000498,E0189,P002259,Overtime,Pending,2025-08-15,
A000499,E0189,P002262,Overtime,Rejected,2025-09-30,
A000500,E0189,P002264,Overtime,Approved,2025-10-31,M018
A000501,E0189,P002266,Overtime,Approved,2025-11-30,M024
A000502,E0190,P002269,Overtime,Approved,2025-07-15,M022
A000503,E0190,P002274,Overtime,Approved,2025-09-30,M005
A000504,E0190,P002279,Overtime,Pending,2025-12-15,
A000505,E0190,P002280,Overtime,Pending,2025-12-31,
A000506,E0191,P002282,Overtime,Approved,2025-07-31,M022
A000507,E0191,P002283,Overtime,Approved,2025-08-15,M020
A000508,E0191,P002284,Overtime,Pending,2025-08-31,
A000509,E0191,P002287,Overtime,Approved,2025-10-15,M001
A000510,E0191,P002291,Overtime,Approved,2025-12-15,M009
A000511,E0191,P002292,Overtime,Approved,2025-12-31,M017
A000512,E0192,P002296,Overtime,Approved,2025-08-31,M024
A000513,E0192,P002303,Overtime,Rejected,2025-12-15,
A000514,E0192,P002304,Overtime,Approved,2025-12-31,M019
A000515,E0193,P002310,Overtime,Approved,2025-09-30,M009
A000516,E0193,P002313,Overtime,Approved,2025-11-15,M005
A000517,E0193,P002314,Overtime,Approved,2025-11-30,M008
A000518,E0194,P002317,Overtime,Pending,2025-07-15,
A000519,E0194,P002318,Overtime,Approved,2025-07-31,M005
A000520,E0194,P002321,Overtime,Rejected,2025-09-15,
A000521,E0194,P002324,Overtime,Pending,2025-10-31,
A000522,E0195,P002331,Overtime,Approved,2025-08-15,M014
A000523,E0195,P002333,Overtime,Pending,2025-09-15,
A000524,E0195,P002335,Overtime,Approved,2025-10-15,M011
A000525,E0196,P002342,Overtime,Approved,2025-07-31,M008
A000526,E0196,P002343,Overtime,Approved,2025-08-15,M016
A000527,E0196,P002344,Overtime,Rejected,2025-08-31,
A000528,E0197,P002359,Overtime,Pending,2025-10-15,
A000529,E0197,P002360,Overtime,Pending,2025-10-31,
A000530,E0198,P002367,Overtime,Rejected,2025-08-15,
A000531,E0198,P002368,Overtime,Approved,2025-08-31,M013
A000532,E0198,P002372,Overtime,Pending,2025-10-31,
A000533,E0198,P002374,Overtime,Approved,2025-11-30,M016
A000534,E0198,P002376,Overtime,Rejected,2025-12-31,
A000535,E0200,P002392,Overtime,Approved,2025-08-31,M012
A000536,E0200,P002398,Overtime,Approved,2025-11-30,M008
A000537,E0200,P002399,Overtime,Approved,2025-12-15,M016
A000538,E0201,P002403,Overtime,Rejected,2025-08-15,
A000539,E0201,P002409,Overtime,Approved,2025-11-15,M007
A000540,E0202,P002422,Overtime,Approved,2025-11-30,M008
A000541,E0202,P002424,Overtime,Approved,2025-12-31,M020
A000542,E0203,P002425,Overtime,Pending,2025-07-15,
A000543,E0203,P002428,Overtime,Approved,2025-08-31,M020
A000544,E0203,P002430,Overtime,Approved,2025-09-30,M013
A000545,E0203,P002435,Overtime,Pending,2025-12-15,
A000546,E0203,P002436,Overtime,Approved,2025-12-31,M003
A000547,E0204,P002442,Overtime,Pending,2025-09-30,
A000548,E0205,P002450,Overtime,Approved,2025-07-31,M018
A000549,E0205,P002451,Overtime,Approved,2025-08-15,M003
A000550,E0205,P002453,Overtime,Rejected,2025-09-15,
A000551,E0205,P002455,Overtime,Pending,2025-10-15,
A000552,E0206,P002470,Overtime,Pending,2025-11-30,
A000553,E0206,P002471,Overtime,Approved,2025-12-15,M002
A000554,E0206,P002472,Overtime,Approved,2025-12-31,M006
A000555,E0207,P002474,Overtime,Approved,2025-07-31,M010
A000556,E0207,P002478,Overtime,Rejected,2025-09-30,
A000557,E0207,P002479,Overtime,Approved,2025-10-15,M022
A000558,E0207,P002480,Overtime,Rejected,2025-10-31,
A000559,E0208,P002495,Overtime,Pending,2025-12-15,
A000560,E0209,P002497,Overtime,Pending,2025-07-15,
A000561,E0209,P002499,Overtime,Approved,2025-08-15,M006
A000562,E0209,P002506,Overtime,Pending,2025-11-30,
A000563,E0210,P002509,Overtime,Approved,2025-07-15,M002
A000564,E0210,P002514,Overtime,Rejected,2025-09-30,
A000565,E0210,P002518,Overtime,Approved,2025-11-30,M002
A000566,E0210,P002520,Overtime,Approved,2025-12-31,M007
A000567,E0212,P002534,Overtime,Pending,2025-07-31,
A000568,E0212,P002538,Overtime,Pending,2025-09-30,
A000569,E0212,P002540,Overtime,Pending,2025-10-31,
A000570,E0212,P002543,Overtime,Approved,2025-12-15,M009
A000571,E0212,P002544,Overtime,Approved,2025-12-31,M020
A000572,E0213,P002548,Overtime,Pending,2025-08-31,
A000573,E0213,P002549,Overtime,Approved,2025-09-15,M020
A000574,E0213,P002552,Overtime,Approved,2025-10-31,M003
A000575,E0214,P002558,Overtime,Approved,2025-07-31,M009
A000576,E0214,P002559,Overtime,Approved,2025-08-15,M025
A000577,E0214,P002560,Overtime,Pending,2025-08-31,
A000578,E0214,P002565,Overtime,Approved,2025-11-15,M020
A000579,E0214,P002566,Overtime,Approved,2025-11-30,M010
A000580,E0214,P002568,Overtime,Approved,2025-12-31,M011
A000581,E0215,P002570,Overtime,Pending,2025-07-31,
A000582,E0215,P002572,Overtime,Pending,2025-08-31,
A000583,E0215,P002575,Overtime,Pending,2025-10-15,
A000584,E0215,P002577,Overtime,Approved,2025-11-15,M017
A000585,E0215,P002578,Overtime,Approved,2025-11-30,M021
A000586,E0216,P002582,Overtime,Pending,2025-07-31,
A000587,E0216,P002589,Overtime,Approved,2025-11-15,M008
A000588,E0217,P002595,Overtime,Pending,2025-08-15,
A000589,E0217,P002599,Overtime,Pending,2025-10-15,
A000590,E0217,P002604,Overtime,Pending,2025-12-31,
A000591,E0218,P002607,Overtime,Approved,2025-08-15,M015
A000592,E0219,P002618,Overtime,Approved,2025-07-31,M005
A000593,E0219,P002621,Overtime,Approved,2025-09-15,M002
A000594,E0219,P002622,Overtime,Approved,2025-09-30,M004
A000595,E0219,P002625,Overtime,Approved,2025-11-15,M015
A000596,E0219,P002626,Overtime,Approved,2025-11-30,M024
A000597,E0219,P002627,Overtime,Approved,2025-12-15,M025
A000598,E0220,P002636,Overtime,Approved,2025-10-31,M011
A000599,E0221,P002643,Overtime,Approved,2025-08-15,M023
A000600,E0221,P002644,Overtime,Approved,2025-08-31,M014
A000601,E0221,P002645,Overtime,Approved,2025-09-15,M021
A000602,E0221,P002651,Overtime,Pending,2025-12-15,
A000603,E0221,P002652,Overtime,Pending,2025-12-31,
A000604,E0222,P002653,Overtime,Pending,2025-07-15,
A000605,E0222,P002656,Overtime,Approved,2025-08-31,M023
A000606,E0222,P002658,Overtime,Approved,2025-09-30,M016
A000607,E0222,P002660,Overtime,Pending,2025-10-31,
A000608,E0222,P002661,Overtime,Approved,2025-11-15,M013
A000609,E0222,P002664,Overtime,Approved,2025-12-31,M003
A000610,E0223,P002668,Overtime,Approved,2025-08-31,M009
A000611,E0224,P002677,Overtime,Approved,2025-07-15,M016
A000612,E0224,P002678,Overtime,Approved,2025-07-31,M013
A000613,E0224,P002679,Overtime,Pending,2025-08-15,
A000614,E0225,P002689,Overtime,Pending,2025-07-15,
A000615,E0225,P002692,Overtime,Approved,2025-08-31,M011
A000616,E0225,P002693,Overtime,Pending,2025-09-15,
A000617,E0225,P002699,Overtime,Pending,2025-12-15,
A000618,E0225,P002700,Overtime,Pending,2025-12-31,
A000619,E0226,P002702,Overtime,Rejected,2025-07-31,
A000620,E0226,P002704,Overtime,Pending,2025-08-31,
A000621,E0226,P002705,Overtime,Pending,2025-09-15,
A000622,E0226,P002706,Overtime,Approved,2025-09-30,M006
A000623,E0226,P002707,Overtime,Rejected,2025-10-15,
A000624,E0226,P002709,Overtime,Approved,2025-11-15,M016
A000625,E0226,P002710,Overtime,Pending,2025-11-30,
A000626,E0226,P002712,Overtime,Approved,2025-12-31,M002
A000627,E0229,P002740,Overtime,Pending,2025-08-31,
A000628,E0229,P002745,Overtime,Approved,2025-11-15,M020
A000629,E0231,P002763,Overtime,Approved,2025-08-15,M009
A000630,E0233,P002788,Overtime,Rejected,2025-08-31,
A000631,E0234,P002797,Overtime,Pending,2025-07-15,
A000632,E0234,P002801,Overtime,Approved,2025-09-15,M025
A000633,E0234,P002803,Overtime,Approved,2025-10-15,M012
A000634,E0234,P002808,Overtime,Pending,2025-12-31,
A000635,E0235,P002810,Overtime,Pending,2025-07-31,
A000636,E0235,P002811,Overtime,Approved,2025-08-15,M001
A000637,E0235,P002814,Overtime,Approved,2025-09-30,M025
A000638,E0235,P002815,Overtime,Pending,2025-10-15,
A000639,E0235,P002816,Overtime,Approved,2025-10-31,M007
A000640,E0235,P002818,Overtime,Approved,2025-11-30,M022
A000641,E0235,P002820,Overtime,Pending,2025-12-31,
A000642,E0236,P002825,Overtime,Pending,2025-09-15,
A000643,E0236,P002826,Overtime,Approved,2025-09-30,M017
A000644,E0236,P002828,Overtime,Approved,2025-10-31,M017
A000645,E0236,P002829,Overtime,Rejected,2025-11-15,
A000646,E0237,P002841,Overtime,Approved,2025-11-15,M020
A000647,E0237,P002844,Overtime,Approved,2025-12-31,M025
A000648,E0238,P002850,Overtime,Rejected,2025-09-30,
A000649,E0238,P002851,Overtime,Pending,2025-10-15,
A000650,E0238,P002855,Overtime,Approved,2025-12-15,M024
A000651,E0238,P002856,Overtime,Approved,2025-12-31,M010
A000652,E0239,P002858,Overtime,Approved,2025-07-31,M025
A000653,E0239,P002862,Overtime,Approved,2025-09-30,M010
A000654,E0239,P002867,Overtime,Approved,2025-12-15,M014
A000655,E0239,P002868,Overtime,Approved,2025-12-31,M003
A000656,E0240,P002873,Overtime,Approved,2025-09-15,M014
A000657,E0240,P002875,Overtime,Rejected,2025-10-15,
A000658,E0240,P002880,Overtime,Rejected,2025-12-31,
A000659,E0241,P002883,Overtime,Approved,2025-08-15,M008
A000660,E0241,P002888,Overtime,Rejected,2025-10-31,
A000661,E0241,P002892,Overtime,Pending,2025-12-31,
A000662,E0242,P002894,Overtime,Approved,2025-07-31,M009
A000663,E0242,P002901,Overtime,Approved,2025-11-15,M021
A000664,E0243,P002907,Overtime,Pending,2025-08-15,
A000665,E0243,P002910,Overtime,Pending,2025-09-30,
A000666,E0243,P002913,Overtime,Pending,2025-11-15,
A000667,E0243,P002914,Overtime,Approved,2025-11-30,M013
A000668,E0243,P002916,Overtime,Approved,2025-12-31,M017
A000669,E0244,P002925,Overtime,Approved,2025-11-15,M008
A000670,E0244,P002928,Overtime,Rejected,2025-12-31,
A000671,E0245,P002932,Overtime,Approved,2025-08-31,M013
A000672,E0245,P002934,Overtime,Approved,2025-09-30,M002
A000673,E0245,P002937,Overtime,Rejected,2025-11-15,
A000674,E0245,P002938,Overtime,Pending,2025-11-30,
A000675,E0246,P002941,Overtime,Approved,2025-07-15,M018
A000676,E0246,P002944,Overtime,Rejected,2025-08-31,
A000677,E0246,P002946,Overtime,Approved,2025-09-30,M024
A000678,E0246,P002951,Overtime,Pending,2025-12-15,
A000679,E0246,P002952,Overtime,Approved,2025-12-31,M010
A000680,E0247,P002954,Overtime,Pending,2025-07-31,
A000681,E0249,P002983,Overtime,Pending,2025-10-15,
A000682,E0249,P002985,Overtime,Approved,2025-11-15,M019
A000683,E0250,P002989,Overtime,Approved,2025-07-15,M022
A000684,E0250,P002993,Overtime,Approved,2025-09-15,M025
A000685,E0250,P002995,Overtime,Approved,2025-10-15,M008
A000686,E0250,P002998,Overtime,Rejected,2025-11-30,
